[{"model": "MainApp.donuttype", "pk": 1, "fields": {"name": "Glazed"}}, {"model": "MainApp.donuttype", "pk": 2, "fields": {"name": "Filled"}}, {"model": "MainApp.donuttype", "pk": 4, "fields": {"name": "Standard"}}, {"model": "MainApp.donut", "pk": 1, "fields": {"name": "Basic Glazed Donut", "type": 1, "description": "No frills. A little boring. But it's exactly what you need right now. Trust us.", "price": 149, "image": "https://paradise-donuts-website.s3.us-west-1.amazonaws.com/glazed-donut.jpg"}}, {"model": "MainApp.donut", "pk": 2, "fields": {"name": "Lemon Filled Donut", "type": 2, "description": "It's like eating a big, squishy lemon-flavored beetle that bursts open when you bite it.", "price": 249, "image": "https://paradise-donuts-website.s3.us-west-1.amazonaws.com/lemon-filled-2.jpg"}}, {"model": "MainApp.donut", "pk": 3, "fields": {"name": "Chocolate Donut", "type": 4, "description": "It has a lot of chocolate on it. But not too much. Exactly the right amount of chocolate.", "price": 179, "image": "https://paradise-donuts-website.s3.us-west-1.amazonaws.com/chocolate-donut.jpg"}}, {"model": "MainApp.donut", "pk": 4, "fields": {"name": "Chocolate Creme Filled Donut", "type": 2, "description": "There's so much chocolate in here. Like, guys, why did we add so much chocolate.", "price": 199, "image": "https://paradise-donuts-website.s3.us-west-1.amazonaws.com/creme-filled.jpg"}}, {"model": "MainApp.donut", "pk": 5, "fields": {"name": "Chocolate Donut with Sprinkles", "type": 4, "description": "Not only is it chocolate, but it is also sprinkles.", "price": 159, "image": "https://paradise-donuts-website.s3.us-west-1.amazonaws.com/concolate-donut-sprinkles.jpg"}}, {"model": "MainApp.donut", "pk": 6, "fields": {"name": "Jelly Donut", "type": 2, "description": "You will be overwhelmed by the jelly. That's our solemn promise to you.", "price": 199, "image": "https://paradise-donuts-website.s3.us-west-1.amazonaws.com/jelly-donut.jpg"}}, {"model": "MainApp.donut", "pk": 7, "fields": {"name": "Strawberry Donut with Sprinkles", "type": 4, "description": "As if strawberry wasn't good enough already.", "price": 179, "image": "https://paradise-donuts-website.s3.us-west-1.amazonaws.com/strawberry-donut-2.png"}}, {"model": "MainApp.donut", "pk": 8, "fields": {"name": "Maple Bacon Donut", "type": 4, "description": "We think this one is pretty gross but y'all keep asking for it. You monsters.", "price": 399, "image": "https://paradise-donuts-website.s3.us-west-1.amazonaws.com/bacon-donut.jpg"}}]